store_id,product_id,recommended_order_qty
S001,P001,0.0
S001,P002,0.0
S001,P003,0.0
S001,P004,0.0
S001,P005,0.0
S001,P006,0.0
S001,P007,0.0
S001,P008,0.0
S001,P009,0.0
S001,P010,0.0
S001,P011,0.0
S001,P012,0.0
S001,P013,0.0
S001,P014,0.0
S001,P015,0.0
S001,P016,0.0
S001,P017,0.0
S001,P018,0.0
S001,P019,0.0
S001,P020,0.0
S001,P021,0.0
S001,P022,0.0
S001,P023,0.0
S001,P024,0.0
S001,P025,0.0
S001,P026,0.0
S001,P027,0.0
S001,P028,0.0
S001,P029,0.0
S001,P030,0.0
S001,P031,0.0
S001,P032,0.0
S001,P033,0.0
S001,P034,0.0
S001,P035,0.0
S001,P036,0.0
S001,P037,0.0
S001,P038,0.0
S001,P039,0.0
S001,P040,0.0
S001,P041,0.0
S001,P042,0.0
S001,P043,0.0
S001,P044,0.0
S001,P045,0.0
S001,P046,0.0
S001,P047,0.0
S001,P048,0.0
S001,P049,0.0
S001,P050,0.0
S001,P051,0.0
S001,P052,0.0
S001,P053,0.0
S001,P054,0.0
S001,P055,0.0
S001,P056,0.0
S001,P057,0.0
S001,P058,0.0
S001,P059,0.0
S001,P060,0.0
S002,P001,0.0
S002,P002,0.0
S002,P003,0.0
S002,P004,0.0
S002,P005,0.0
S002,P006,0.0
S002,P007,0.0
S002,P008,0.0
S002,P009,0.0
S002,P010,0.0
S002,P011,0.0
S002,P012,0.0
S002,P013,0.0
S002,P014,0.0
S002,P015,0.0
S002,P016,0.0
S002,P017,0.0
S002,P018,0.0
S002,P019,0.0
S002,P020,0.0
S002,P021,0.0
S002,P022,0.0
S002,P023,0.0
S002,P024,0.0
S002,P025,0.0
S002,P026,0.0
S002,P027,0.0
S002,P028,0.0
S002,P029,0.0
S002,P030,0.0
S002,P031,0.0
S002,P032,0.0
S002,P033,0.0
S002,P034,0.0
S002,P035,0.0
S002,P036,0.0
S002,P037,0.0
S002,P038,0.0
S002,P039,0.0
S002,P040,0.0
S002,P041,0.0
S002,P042,0.0
S002,P043,0.0
S002,P044,0.0
S002,P045,0.0
S002,P046,0.0
S002,P047,0.0
S002,P048,0.0
S002,P049,458.69901
S002,P050,0.0
S002,P051,0.0
S002,P052,0.0
S002,P053,0.0
S002,P054,0.0
S002,P055,0.0
S002,P056,0.0
S002,P057,0.0
S002,P058,0.0
S002,P059,0.0
S002,P060,0.0
S003,P001,0.0
S003,P002,0.0
S003,P003,0.0
S003,P004,0.0
S003,P005,0.0
S003,P006,0.0
S003,P007,0.0
S003,P008,0.0
S003,P009,0.0
S003,P010,0.0
S003,P011,0.0
S003,P012,0.0
S003,P013,0.0
S003,P014,0.0
S003,P015,0.0
S003,P016,0.0
S003,P017,0.0
S003,P018,0.0
S003,P019,0.0
S003,P020,0.0
S003,P021,0.0
S003,P022,0.0
S003,P023,0.0
S003,P024,0.0
S003,P025,0.0
S003,P026,0.0
S003,P027,0.0
S003,P028,0.0
S003,P029,0.0
S003,P030,0.0
S003,P031,0.0
S003,P032,0.0
S003,P033,0.0
S003,P034,0.0
S003,P035,0.0
S003,P036,0.0
S003,P037,0.0
S003,P038,0.0
S003,P039,0.0
S003,P040,0.0
S003,P041,0.0
S003,P042,0.0
S003,P043,0.0
S003,P044,0.0
S003,P045,0.0
S003,P046,0.0
S003,P047,0.0
S003,P048,0.0
S003,P049,0.0
S003,P050,0.0
S003,P051,0.0
S003,P052,0.0
S003,P053,0.0
S003,P054,0.0
S003,P055,0.0
S003,P056,0.0
S003,P057,0.0
S003,P058,0.0
S003,P059,0.0
S003,P060,0.0
S004,P001,0.0
S004,P002,0.0
S004,P003,0.0
S004,P004,0.0
S004,P005,0.0
S004,P006,0.0
S004,P007,0.0
S004,P008,0.0
S004,P009,0.0
S004,P010,0.0
S004,P011,0.0
S004,P012,0.0
S004,P013,0.0
S004,P014,0.0
S004,P015,0.0
S004,P016,0.0
S004,P017,0.0
S004,P018,0.0
S004,P019,0.0
S004,P020,0.0
S004,P021,0.0
S004,P022,0.0
S004,P023,0.0
S004,P024,0.0
S004,P025,0.0
S004,P026,0.0
S004,P027,0.0
S004,P028,0.0
S004,P029,0.0
S004,P030,0.0
S004,P031,0.0
S004,P032,0.0
S004,P033,0.0
S004,P034,0.0
S004,P035,0.0
S004,P036,0.0
S004,P037,0.0
S004,P038,0.0
S004,P039,0.0
S004,P040,0.0
S004,P041,0.0
S004,P042,0.0
S004,P043,0.0
S004,P044,0.0
S004,P045,0.0
S004,P046,0.0
S004,P047,0.0
S004,P048,0.0
S004,P049,0.0
S004,P050,0.0
S004,P051,0.0
S004,P052,0.0
S004,P053,0.0
S004,P054,0.0
S004,P055,0.0
S004,P056,0.0
S004,P057,0.0
S004,P058,0.0
S004,P059,0.0
S004,P060,0.0
S005,P001,0.0
S005,P002,0.0
S005,P003,0.0
S005,P004,0.0
S005,P005,0.0
S005,P006,0.0
S005,P007,0.0
S005,P008,0.0
S005,P009,0.0
S005,P010,0.0
S005,P011,0.0
S005,P012,0.0
S005,P013,0.0
S005,P014,0.0
S005,P015,0.0
S005,P016,0.0
S005,P017,0.0
S005,P018,0.0
S005,P019,0.0
S005,P020,0.0
S005,P021,0.0
S005,P022,0.0
S005,P023,0.0
S005,P024,0.0
S005,P025,0.0
S005,P026,0.0
S005,P027,0.0
S005,P028,0.0
S005,P029,0.0
S005,P030,0.0
S005,P031,0.0
S005,P032,0.0
S005,P033,0.0
S005,P034,0.0
S005,P035,0.0
S005,P036,0.0
S005,P037,0.0
S005,P038,0.0
S005,P039,0.0
S005,P040,0.0
S005,P041,0.0
S005,P042,0.0
S005,P043,0.0
S005,P044,0.0
S005,P045,0.0
S005,P046,0.0
S005,P047,0.0
S005,P048,0.0
S005,P049,0.0
S005,P050,0.0
S005,P051,0.0
S005,P052,0.0
S005,P053,0.0
S005,P054,0.0
S005,P055,0.0
S005,P056,0.0
S005,P057,0.0
S005,P058,0.0
S005,P059,0.0
S005,P060,0.0
S006,P001,0.0
S006,P002,0.0
S006,P003,0.0
S006,P004,0.0
S006,P005,0.0
S006,P006,0.0
S006,P007,0.0
S006,P008,0.0
S006,P009,0.0
S006,P010,0.0
S006,P011,0.0
S006,P012,0.0
S006,P013,0.0
S006,P014,0.0
S006,P015,0.0
S006,P016,0.0
S006,P017,0.0
S006,P018,0.0
S006,P019,0.0
S006,P020,0.0
S006,P021,0.0
S006,P022,0.0
S006,P023,0.0
S006,P024,0.0
S006,P025,0.0
S006,P026,0.0
S006,P027,0.0
S006,P028,0.0
S006,P029,0.0
S006,P030,0.0
S006,P031,0.0
S006,P032,0.0
S006,P033,0.0
S006,P034,0.0
S006,P035,0.0
S006,P036,0.0
S006,P037,0.0
S006,P038,0.0
S006,P039,0.0
S006,P040,0.0
S006,P041,0.0
S006,P042,0.0
S006,P043,0.0
S006,P044,0.0
S006,P045,0.0
S006,P046,0.0
S006,P047,0.0
S006,P048,0.0
S006,P049,465.02915
S006,P050,0.0
S006,P051,0.0
S006,P052,0.0
S006,P053,0.0
S006,P054,0.0
S006,P055,0.0
S006,P056,0.0
S006,P057,0.0
S006,P058,0.0
S006,P059,0.0
S006,P060,0.0
S007,P001,0.0
S007,P002,0.0
S007,P003,0.0
S007,P004,0.0
S007,P005,0.0
S007,P006,0.0
S007,P007,0.0
S007,P008,0.0
S007,P009,0.0
S007,P010,0.0
S007,P011,0.0
S007,P012,0.0
S007,P013,0.0
S007,P014,0.0
S007,P015,0.0
S007,P016,0.0
S007,P017,0.0
S007,P018,0.0
S007,P019,0.0
S007,P020,0.0
S007,P021,0.0
S007,P022,0.0
S007,P023,0.0
S007,P024,0.0
S007,P025,0.0
S007,P026,0.0
S007,P027,0.0
S007,P028,0.0
S007,P029,0.0
S007,P030,0.0
S007,P031,0.0
S007,P032,0.0
S007,P033,0.0
S007,P034,0.0
S007,P035,0.0
S007,P036,0.0
S007,P037,0.0
S007,P038,0.0
S007,P039,0.0
S007,P040,0.0
S007,P041,0.0
S007,P042,0.0
S007,P043,0.0
S007,P044,0.0
S007,P045,0.0
S007,P046,0.0
S007,P047,0.0
S007,P048,0.0
S007,P049,0.0
S007,P050,0.0
S007,P051,0.0
S007,P052,0.0
S007,P053,0.0
S007,P054,0.0
S007,P055,0.0
S007,P056,0.0
S007,P057,0.0
S007,P058,0.0
S007,P059,0.0
S007,P060,0.0
S008,P001,0.0
S008,P002,0.0
S008,P003,0.0
S008,P004,0.0
S008,P005,0.0
S008,P006,0.0
S008,P007,0.0
S008,P008,0.0
S008,P009,0.0
S008,P010,0.0
S008,P011,0.0
S008,P012,0.0
S008,P013,0.0
S008,P014,0.0
S008,P015,0.0
S008,P016,0.0
S008,P017,0.0
S008,P018,0.0
S008,P019,0.0
S008,P020,0.0
S008,P021,0.0
S008,P022,0.0
S008,P023,0.0
S008,P024,0.0
S008,P025,0.0
S008,P026,0.0
S008,P027,0.0
S008,P028,0.0
S008,P029,0.0
S008,P030,0.0
S008,P031,0.0
S008,P032,0.0
S008,P033,0.0
S008,P034,0.0
S008,P035,0.0
S008,P036,0.0
S008,P037,0.0
S008,P038,0.0
S008,P039,0.0
S008,P040,0.0
S008,P041,0.0
S008,P042,0.0
S008,P043,0.0
S008,P044,0.0
S008,P045,0.0
S008,P046,0.0
S008,P047,0.0
S008,P048,0.0
S008,P049,386.28397
S008,P050,0.0
S008,P051,0.0
S008,P052,0.0
S008,P053,0.0
S008,P054,0.0
S008,P055,0.0
S008,P056,0.0
S008,P057,0.0
S008,P058,0.0
S008,P059,0.0
S008,P060,0.0
S009,P001,0.0
S009,P002,0.0
S009,P003,0.0
S009,P004,0.0
S009,P005,0.0
S009,P006,0.0
S009,P007,0.0
S009,P008,0.0
S009,P009,0.0
S009,P010,0.0
S009,P011,0.0
S009,P012,0.0
S009,P013,0.0
S009,P014,0.0
S009,P015,0.0
S009,P016,0.0
S009,P017,0.0
S009,P018,0.0
S009,P019,0.0
S009,P020,0.0
S009,P021,0.0
S009,P022,0.0
S009,P023,0.0
S009,P024,0.0
S009,P025,0.0
S009,P026,0.0
S009,P027,0.0
S009,P028,0.0
S009,P029,0.0
S009,P030,0.0
S009,P031,0.0
S009,P032,0.0
S009,P033,0.0
S009,P034,0.0
S009,P035,0.0
S009,P036,0.0
S009,P037,0.0
S009,P038,0.0
S009,P039,0.0
S009,P040,0.0
S009,P041,0.0
S009,P042,0.0
S009,P043,0.0
S009,P044,0.0
S009,P045,0.0
S009,P046,0.0
S009,P047,0.0
S009,P048,0.0
S009,P049,0.0
S009,P050,0.0
S009,P051,0.0
S009,P052,0.0
S009,P053,0.0
S009,P054,0.0
S009,P055,0.0
S009,P056,0.0
S009,P057,0.0
S009,P058,0.0
S009,P059,0.0
S009,P060,0.0
S010,P001,0.0
S010,P002,0.0
S010,P003,0.0
S010,P004,0.0
S010,P005,0.0
S010,P006,0.0
S010,P007,0.0
S010,P008,0.0
S010,P009,0.0
S010,P010,0.0
S010,P011,0.0
S010,P012,0.0
S010,P013,0.0
S010,P014,0.0
S010,P015,0.0
S010,P016,0.0
S010,P017,0.0
S010,P018,0.0
S010,P019,0.0
S010,P020,0.0
S010,P021,0.0
S010,P022,0.0
S010,P023,0.0
S010,P024,0.0
S010,P025,0.0
S010,P026,0.0
S010,P027,0.0
S010,P028,0.0
S010,P029,0.0
S010,P030,0.0
S010,P031,0.0
S010,P032,0.0
S010,P033,0.0
S010,P034,0.0
S010,P035,0.0
S010,P036,0.0
S010,P037,0.0
S010,P038,0.0
S010,P039,0.0
S010,P040,0.0
S010,P041,0.0
S010,P042,0.0
S010,P043,0.0
S010,P044,0.0
S010,P045,0.0
S010,P046,0.0
S010,P047,0.0
S010,P048,0.0
S010,P049,0.0
S010,P050,0.0
S010,P051,0.0
S010,P052,0.0
S010,P053,0.0
S010,P054,0.0
S010,P055,0.0
S010,P056,0.0
S010,P057,0.0
S010,P058,0.0
S010,P059,0.0
S010,P060,0.0
S011,P001,0.0
S011,P002,0.0
S011,P003,0.0
S011,P004,0.0
S011,P005,0.0
S011,P006,0.0
S011,P007,0.0
S011,P008,0.0
S011,P009,0.0
S011,P010,0.0
S011,P011,0.0
S011,P012,0.0
S011,P013,0.0
S011,P014,0.0
S011,P015,0.0
S011,P016,0.0
S011,P017,0.0
S011,P018,0.0
S011,P019,0.0
S011,P020,0.0
S011,P021,0.0
S011,P022,0.0
S011,P023,0.0
S011,P024,0.0
S011,P025,0.0
S011,P026,0.0
S011,P027,0.0
S011,P028,0.0
S011,P029,0.0
S011,P030,0.0
S011,P031,0.0
S011,P032,0.0
S011,P033,0.0
S011,P034,0.0
S011,P035,0.0
S011,P036,0.0
S011,P037,0.0
S011,P038,0.0
S011,P039,0.0
S011,P040,0.0
S011,P041,0.0
S011,P042,0.0
S011,P043,0.0
S011,P044,0.0
S011,P045,0.0
S011,P046,0.0
S011,P047,0.0
S011,P048,0.0
S011,P049,441.99172
S011,P050,0.0
S011,P051,0.0
S011,P052,0.0
S011,P053,0.0
S011,P054,0.0
S011,P055,0.0
S011,P056,0.0
S011,P057,0.0
S011,P058,0.0
S011,P059,0.0
S011,P060,0.0
S012,P001,0.0
S012,P002,0.0
S012,P003,0.0
S012,P004,0.0
S012,P005,0.0
S012,P006,0.0
S012,P007,0.0
S012,P008,0.0
S012,P009,0.0
S012,P010,0.0
S012,P011,0.0
S012,P012,0.0
S012,P013,0.0
S012,P014,0.0
S012,P015,0.0
S012,P016,0.0
S012,P017,0.0
S012,P018,0.0
S012,P019,0.0
S012,P020,0.0
S012,P021,0.0
S012,P022,0.0
S012,P023,0.0
S012,P024,0.0
S012,P025,0.0
S012,P026,0.0
S012,P027,0.0
S012,P028,0.0
S012,P029,0.0
S012,P030,0.0
S012,P031,0.0
S012,P032,0.0
S012,P033,0.0
S012,P034,0.0
S012,P035,0.0
S012,P036,0.0
S012,P037,0.0
S012,P038,0.0
S012,P039,0.0
S012,P040,0.0
S012,P041,0.0
S012,P042,0.0
S012,P043,0.0
S012,P044,0.0
S012,P045,0.0
S012,P046,0.0
S012,P047,0.0
S012,P048,0.0
S012,P049,0.0
S012,P050,0.0
S012,P051,0.0
S012,P052,0.0
S012,P053,0.0
S012,P054,0.0
S012,P055,0.0
S012,P056,0.0
S012,P057,0.0
S012,P058,0.0
S012,P059,0.0
S012,P060,0.0
