store_id,product_id,closing_stock,reorder_point,decision
S001,P001,132,114.86018910589058,HOLD
S001,P002,50,35.03409685637781,HOLD
S001,P003,109,63.38907971352641,HOLD
S001,P004,8,9.557349282826708,HOLD
S001,P005,62,41.58153511355652,HOLD
S001,P006,132,57.08275316111441,HOLD
S001,P007,73,24.234221695301983,REDUCE FUTURE ORDERS (overstock)
S001,P008,50,53.90168956719312,HOLD
S001,P009,1,45.62133750539173,HOLD
S001,P010,130,32.90054456475353,REDUCE FUTURE ORDERS (overstock)
S001,P011,306,172.8842870711549,HOLD
S001,P012,2,29.020990591501583,HOLD
S001,P013,51,37.6389406036801,HOLD
S001,P014,85,62.37565774249865,HOLD
S001,P015,29,31.08329269073594,HOLD
S001,P016,147,86.64718527361326,HOLD
S001,P017,153,38.9274614565396,REDUCE FUTURE ORDERS (overstock)
S001,P018,109,63.18257906949114,HOLD
S001,P019,31,25.531300777085725,HOLD
S001,P020,75,64.7068754930911,HOLD
S001,P021,139,108.40747752247913,HOLD
S001,P022,179,122.4451239520234,HOLD
S001,P023,225,149.67751687610098,HOLD
S001,P024,9,144.77382398663673,HOLD
S001,P025,37,17.01429993033082,HOLD
S001,P026,0,133.14790591433996,HOLD
S001,P027,270,73.1667120639043,REDUCE FUTURE ORDERS (overstock)
S001,P028,26,42.32758817998957,HOLD
S001,P029,7,20.72354939488884,HOLD
S001,P030,165,158.26121361495785,HOLD
S001,P031,0,52.73022035705681,HOLD
S001,P032,12,18.604397462013356,HOLD
S001,P033,27,38.55395794274695,HOLD
S001,P034,7,72.92417867798291,HOLD
S001,P035,0,59.19852849677658,HOLD
S001,P036,120,83.1574862923254,HOLD
S001,P037,125,128.06566476125855,HOLD
S001,P038,67,93.49104539148992,HOLD
S001,P039,38,36.79713166156733,HOLD
S001,P040,160,146.6601785486028,HOLD
S001,P041,61,67.69957755332179,HOLD
S001,P042,0,119.70821155140317,HOLD
S001,P043,253,131.07148166146317,HOLD
S001,P044,31,117.68948412398537,HOLD
S001,P045,0,130.4275020836189,HOLD
S001,P046,63,74.9372954993717,HOLD
S001,P047,34,76.27798682927313,HOLD
S001,P048,46,71.9372433273768,HOLD
S001,P049,70,169.80208669640066,HOLD
S001,P050,99,91.42321931618896,HOLD
S001,P051,25,144.19339081698297,HOLD
S001,P052,66,123.7533668172866,HOLD
S001,P053,22,95.86587471616232,HOLD
S001,P054,91,116.68390940116797,HOLD
S001,P055,167,126.29050662273464,HOLD
S001,P056,110,50.77165685692624,HOLD
S001,P057,104,92.93156295577889,HOLD
S001,P058,20,31.058098884655543,HOLD
S001,P059,17,39.1307323305267,HOLD
S001,P060,93,42.49461026346266,HOLD
S002,P001,49,156.39331683608657,HOLD
S002,P002,40,45.95124785525667,HOLD
S002,P003,109,86.02293999737978,HOLD
S002,P004,5,11.951882319943362,HOLD
S002,P005,30,54.87949248761049,HOLD
S002,P006,118,76.67396247871967,HOLD
S002,P007,39,31.7153078264166,HOLD
S002,P008,0,72.156257494526,HOLD
S002,P009,49,62.66336977833227,HOLD
S002,P010,68,43.143185809353824,HOLD
S002,P011,33,236.6834398364308,HOLD
S002,P012,13,37.46144994186056,HOLD
S002,P013,49,49.801468058161774,HOLD
S002,P014,100,86.19369274845647,HOLD
S002,P015,125,41.47779239164628,REDUCE FUTURE ORDERS (overstock)
S002,P016,99,119.49541356315328,HOLD
S002,P017,131,51.970113372291046,REDUCE FUTURE ORDERS (overstock)
S002,P018,0,85.86067589701983,HOLD
S002,P019,2,32.82441486031291,HOLD
S002,P020,52,91.80384738421168,HOLD
S002,P021,257,146.27524548127604,HOLD
S002,P022,38,165.2630293267502,HOLD
S002,P023,0,205.8608047947746,HOLD
S002,P024,0,197.49934650579837,HOLD
S002,P025,40,22.103765282411278,HOLD
S002,P026,101,183.7133773855406,HOLD
S002,P027,248,100.3657490014554,HOLD
S002,P028,59,55.05546850512488,HOLD
S002,P029,32,26.17778305295121,HOLD
S002,P030,50,213.8113026512309,HOLD
S002,P031,86,70.40904502530937,HOLD
S002,P032,29,24.728334098390373,HOLD
S002,P033,57,48.48450700102293,HOLD
S002,P034,51,99.66451891982864,HOLD
S002,P035,0,77.46453906179363,HOLD
S002,P036,143,114.42063237915438,HOLD
S002,P037,27,181.09360170571637,HOLD
S002,P038,42,123.63313634149726,HOLD
S002,P039,15,49.70919760420223,HOLD
S002,P040,69,202.3490840573928,HOLD
S002,P041,38,95.06360115956991,HOLD
S002,P042,175,157.39590276885596,HOLD
S002,P043,117,176.02023234260932,HOLD
S002,P044,15,162.2366686444296,HOLD
S002,P045,0,177.78676422061224,HOLD
S002,P046,138,103.60393090265327,HOLD
S002,P047,0,103.53618552308572,HOLD
S002,P048,172,100.35931560029258,HOLD
S002,P049,84,235.5745434381097,ORDER 458 UNITS
S002,P050,38,124.40033294075332,HOLD
S002,P051,234,195.35482880930317,HOLD
S002,P052,227,167.5738385152354,HOLD
S002,P053,4,130.0375499664638,HOLD
S002,P054,1,153.89536001140982,HOLD
S002,P055,0,171.2679434635338,HOLD
S002,P056,44,66.62386630895278,HOLD
S002,P057,310,126.13940017355722,HOLD
S002,P058,0,41.02257812592785,HOLD
S002,P059,16,49.52747876589654,HOLD
S002,P060,49,58.9058112442757,HOLD
S003,P001,88,186.01542132203235,HOLD
S003,P002,0,55.87518969287457,HOLD
S003,P003,159,101.75176964636124,HOLD
S003,P004,3,13.793198944708871,HOLD
S003,P005,0,65.24418919427566,HOLD
S003,P006,96,93.14195636026426,HOLD
S003,P007,17,37.25201247023142,HOLD
S003,P008,112,88.51464548878765,HOLD
S003,P009,68,68.35772395231378,HOLD
S003,P010,50,50.91582235174912,HOLD
S003,P011,72,282.08881135580566,HOLD
S003,P012,80,43.33421442144856,HOLD
S003,P013,90,59.53177428707916,HOLD
S003,P014,0,102.8051185275319,HOLD
S003,P015,116,49.1610369276871,HOLD
S003,P016,128,143.39223311048514,HOLD
S003,P017,106,62.14154645265643,HOLD
S003,P018,64,105.42174394212287,HOLD
S003,P019,0,36.56140243712224,HOLD
S003,P020,89,104.82924367177942,HOLD
S003,P021,265,173.10622417167926,HOLD
S003,P022,0,197.8776089244161,HOLD
S003,P023,203,241.7665862518685,HOLD
S003,P024,103,236.41222644312867,HOLD
S003,P025,55,26.09150213453988,HOLD
S003,P026,51,213.8659363538713,HOLD
S003,P027,98,115.24106616972978,HOLD
S003,P028,23,62.9591512818929,HOLD
S003,P029,5,29.899968663647847,HOLD
S003,P030,223,255.6029135172431,HOLD
S003,P031,20,80.39755872612642,HOLD
S003,P032,30,29.42558020580022,HOLD
S003,P033,6,57.68955413519113,HOLD
S003,P034,98,115.82069932502252,HOLD
S003,P035,86,93.43404505383602,HOLD
S003,P036,104,134.6372156686737,HOLD
S003,P037,0,214.06383653387587,HOLD
S003,P038,69,150.36709567369994,HOLD
S003,P039,77,58.66846326547338,HOLD
S003,P040,119,240.6025222474477,HOLD
S003,P041,12,111.00535274340147,HOLD
S003,P042,0,192.0624643434344,HOLD
S003,P043,10,213.7133282426348,HOLD
S003,P044,108,187.39827630456435,HOLD
S003,P045,35,213.3091057351984,HOLD
S003,P046,0,121.39931378495936,HOLD
S003,P047,13,124.35649631341434,HOLD
S003,P048,70,113.90306504875986,HOLD
S003,P049,0,280.0834846462621,HOLD
S003,P050,50,150.05778403837854,HOLD
S003,P051,0,231.8469822139952,HOLD
S003,P052,0,198.7939425799541,HOLD
S003,P053,252,150.77900041921706,HOLD
S003,P054,135,185.49334957121647,HOLD
S003,P055,0,205.86353982362,HOLD
S003,P056,73,79.38752302587815,HOLD
S003,P057,188,149.10999904613837,HOLD
S003,P058,48,46.57565993666857,HOLD
S003,P059,8,58.45045098296703,HOLD
S003,P060,149,67.79623942044137,HOLD
S004,P001,118,125.35851850295614,HOLD
S004,P002,0,38.20218453731229,HOLD
S004,P003,231,71.28401406846388,REDUCE FUTURE ORDERS (overstock)
S004,P004,6,10.114658507442789,HOLD
S004,P005,0,45.69803258608373,HOLD
S004,P006,173,64.45348293329369,REDUCE FUTURE ORDERS (overstock)
S004,P007,41,26.418391856130647,HOLD
S004,P008,44,61.831047277092,HOLD
S004,P009,43,48.42378027820374,HOLD
S004,P010,53,36.76187898851624,HOLD
S004,P011,0,189.6261684923391,HOLD
S004,P012,0,32.14280217466812,HOLD
S004,P013,44,41.12523895408164,HOLD
S004,P014,0,67.2623817408302,HOLD
S004,P015,14,34.490177669509514,HOLD
S004,P016,111,94.82542802875504,HOLD
S004,P017,92,42.30757878925961,HOLD
S004,P018,102,70.6620423797391,HOLD
S004,P019,27,27.999527757115654,HOLD
S004,P020,52,73.66347233934432,HOLD
S004,P021,34,121.60859347694448,HOLD
S004,P022,34,136.54330169719492,HOLD
S004,P023,0,165.52829647489847,HOLD
S004,P024,136,158.37255111215617,HOLD
S004,P025,12,18.54135637917637,HOLD
S004,P026,96,145.7315415692205,HOLD
S004,P027,205,79.50907089226284,REDUCE FUTURE ORDERS (overstock)
S004,P028,3,44.81772357107509,HOLD
S004,P029,7,21.390791976546065,HOLD
S004,P030,162,171.5101582840573,HOLD
S004,P031,92,57.20054961331885,HOLD
S004,P032,18,20.70843413499682,HOLD
S004,P033,24,43.08385498654874,HOLD
S004,P034,41,80.46036596176997,HOLD
S004,P035,51,65.4862529680581,HOLD
S004,P036,209,92.53595442631728,HOLD
S004,P037,0,146.72617063031032,HOLD
S004,P038,104,103.4361734583773,HOLD
S004,P039,70,41.12707489030855,HOLD
S004,P040,250,160.3545477120292,HOLD
S004,P041,159,76.41104167011592,HOLD
S004,P042,78,129.23447750986332,HOLD
S004,P043,91,142.96943992598915,HOLD
S004,P044,0,127.2488967462174,HOLD
S004,P045,0,145.72007547315255,HOLD
S004,P046,67,84.36159563657324,HOLD
S004,P047,70,82.74922450666008,HOLD
S004,P048,41,81.15493269974844,HOLD
S004,P049,32,190.02320650840136,HOLD
S004,P050,49,102.3244960333756,HOLD
S004,P051,48,161.4968797329141,HOLD
S004,P052,166,135.73361471686528,HOLD
S004,P053,15,103.56515700695024,HOLD
S004,P054,83,127.98835269144564,HOLD
S004,P055,171,139.5601440796663,HOLD
S004,P056,169,56.449134137048986,REDUCE FUTURE ORDERS (overstock)
S004,P057,167,101.04093054083322,HOLD
S004,P058,51,33.07453163103038,HOLD
S004,P059,35,40.54205556720218,HOLD
S004,P060,147,47.355110361738745,REDUCE FUTURE ORDERS (overstock)
S005,P001,0,143.74414098013193,HOLD
S005,P002,0,43.014916074779926,HOLD
S005,P003,101,76.9970255223242,HOLD
S005,P004,8,10.85640151790298,HOLD
S005,P005,53,50.48823969861576,HOLD
S005,P006,155,72.03958503021187,HOLD
S005,P007,18,29.131206663229715,HOLD
S005,P008,59,66.50973768922978,HOLD
S005,P009,64,53.34166635703538,HOLD
S005,P010,79,39.589019934678845,HOLD
S005,P011,204,213.71930968944045,HOLD
S005,P012,5,34.41490814295516,HOLD
S005,P013,78,45.61805597356546,HOLD
S005,P014,119,75.93618686284529,HOLD
S005,P015,19,39.169969050103546,HOLD
S005,P016,62,108.5725807636098,HOLD
S005,P017,81,46.27816298338463,HOLD
S005,P018,0,76.85902309058909,HOLD
S005,P019,7,29.288144339705468,HOLD
S005,P020,8,78.21445625176308,HOLD
S005,P021,0,134.18164736652548,HOLD
S005,P022,0,153.67141467765558,HOLD
S005,P023,0,183.9938684394016,HOLD
S005,P024,107,178.80142305305665,HOLD
S005,P025,26,20.85668561607344,HOLD
S005,P026,211,166.19209023333997,HOLD
S005,P027,197,89.4525752986509,HOLD
S005,P028,27,51.22554273540832,HOLD
S005,P029,5,22.461565772235936,HOLD
S005,P030,154,190.795810641394,HOLD
S005,P031,72,62.63524520961519,HOLD
S005,P032,62,22.100946413815997,REDUCE FUTURE ORDERS (overstock)
S005,P033,5,44.19674522842848,HOLD
S005,P034,6,90.30486108798338,HOLD
S005,P035,5,72.02712580856053,HOLD
S005,P036,263,102.49225944030664,REDUCE FUTURE ORDERS (overstock)
S005,P037,137,161.35386206303005,HOLD
S005,P038,0,113.57546039691232,HOLD
S005,P039,29,45.35247099846925,HOLD
S005,P040,166,178.39903978535108,HOLD
S005,P041,0,83.8632265476654,HOLD
S005,P042,0,140.48483371535735,HOLD
S005,P043,242,157.08740510682225,HOLD
S005,P044,33,139.918940659259,HOLD
S005,P045,35,156.4431166436757,HOLD
S005,P046,123,93.59873158120809,HOLD
S005,P047,138,92.71154745649449,HOLD
S005,P048,195,88.86075832704054,HOLD
S005,P049,53,212.94174228664937,HOLD
S005,P050,93,111.85371117205874,HOLD
S005,P051,0,173.17788861920383,HOLD
S005,P052,41,153.13336988839862,HOLD
S005,P053,0,115.05864214018344,HOLD
S005,P054,38,142.85952055463284,HOLD
S005,P055,115,156.2683936994894,HOLD
S005,P056,123,59.95545997826533,HOLD
S005,P057,109,113.20416447028693,HOLD
S005,P058,7,36.6473792234286,HOLD
S005,P059,0,44.911661384580135,HOLD
S005,P060,122,53.07693018055243,HOLD
S006,P001,92,163.43032896197633,HOLD
S006,P002,38,48.59867612612261,HOLD
S006,P003,116,88.78214972725159,HOLD
S006,P004,13,12.036690309113322,HOLD
S006,P005,68,58.91123091623104,HOLD
S006,P006,104,81.34927859634158,HOLD
S006,P007,32,34.05688541731754,HOLD
S006,P008,38,77.11138420308293,HOLD
S006,P009,44,62.77949110006964,HOLD
S006,P010,99,44.48090219933013,HOLD
S006,P011,75,248.05013102623477,HOLD
S006,P012,74,39.03099867375994,HOLD
S006,P013,43,52.56093977577375,HOLD
S006,P014,21,88.2508524938845,HOLD
S006,P015,93,44.1994096699358,HOLD
S006,P016,115,122.60018587288448,HOLD
S006,P017,107,54.422248499040265,HOLD
S006,P018,99,88.48557918516758,HOLD
S006,P019,27,35.77633475968871,HOLD
S006,P020,0,92.56361343614662,HOLD
S006,P021,233,153.04736823528197,HOLD
S006,P022,193,172.50062503312623,HOLD
S006,P023,30,213.28317383540977,HOLD
S006,P024,218,203.04101387810928,HOLD
S006,P025,59,23.94416067774444,HOLD
S006,P026,33,191.7110060563987,HOLD
S006,P027,227,104.35193683393894,HOLD
S006,P028,0,56.06993058354393,HOLD
S006,P029,15,26.289871195517115,HOLD
S006,P030,237,224.49971400393835,HOLD
S006,P031,0,70.01917270941237,HOLD
S006,P032,48,26.09330274389248,HOLD
S006,P033,45,52.00062336267084,HOLD
S006,P034,13,104.31928390124024,HOLD
S006,P035,14,82.46149803101588,HOLD
S006,P036,209,117.45464264330889,HOLD
S006,P037,209,187.5626163524161,HOLD
S006,P038,48,130.27119783482726,HOLD
S006,P039,46,53.15994308653917,HOLD
S006,P040,0,211.5076961814015,HOLD
S006,P041,92,95.85640144387251,HOLD
S006,P042,124,164.16748669059203,HOLD
S006,P043,164,186.2396558392539,HOLD
S006,P044,13,163.9706975142469,HOLD
S006,P045,256,182.3741002102604,HOLD
S006,P046,112,107.21697487114056,HOLD
S006,P047,125,110.07761497883727,HOLD
S006,P048,27,104.64643764739756,HOLD
S006,P049,0,245.03208013904413,ORDER 465 UNITS
S006,P050,78,127.72503230889022,HOLD
S006,P051,0,208.27569536168627,HOLD
S006,P052,0,175.779100971733,HOLD
S006,P053,190,134.3755290963765,HOLD
S006,P054,183,162.31271813001635,HOLD
S006,P055,211,178.2898823963291,HOLD
S006,P056,65,68.97033348207444,HOLD
S006,P057,148,131.91275517836573,HOLD
S006,P058,9,41.14040229693305,HOLD
S006,P059,41,51.53403109595409,HOLD
S006,P060,46,59.86561152104132,HOLD
S007,P001,61,176.13484140229497,HOLD
S007,P002,10,51.23094016937306,HOLD
S007,P003,134,95.66205085805828,HOLD
S007,P004,6,13.089891303589813,HOLD
S007,P005,4,63.27994733881543,HOLD
S007,P006,26,88.80993970089153,HOLD
S007,P007,45,36.57992847532634,HOLD
S007,P008,138,84.33305525494026,HOLD
S007,P009,46,66.77478698645378,HOLD
S007,P010,51,48.68238196412342,HOLD
S007,P011,213,266.01822704846273,HOLD
S007,P012,5,42.17621220620515,HOLD
S007,P013,115,56.20994327706138,HOLD
S007,P014,14,95.48269701055396,HOLD
S007,P015,36,47.21043619858062,HOLD
S007,P016,0,136.02774762727134,HOLD
S007,P017,59,58.02032705517276,HOLD
S007,P018,0,97.08547912124811,HOLD
S007,P019,8,35.68039550924959,HOLD
S007,P020,0,99.05368381285204,HOLD
S007,P021,143,166.79297363718982,HOLD
S007,P022,120,194.065643716384,HOLD
S007,P023,223,233.43312667227545,HOLD
S007,P024,42,219.96490540465493,HOLD
S007,P025,26,25.118270059012875,HOLD
S007,P026,198,208.207796204453,HOLD
S007,P027,289,111.6387471581356,REDUCE FUTURE ORDERS (overstock)
S007,P028,0,62.37605620938368,HOLD
S007,P029,21,28.431958178468516,HOLD
S007,P030,215,244.8101815752379,HOLD
S007,P031,101,79.04316426866514,HOLD
S007,P032,42,27.06458005824194,HOLD
S007,P033,22,58.50998563122264,HOLD
S007,P034,130,110.10431736601244,HOLD
S007,P035,68,88.4372342886532,HOLD
S007,P036,129,127.94700300052904,HOLD
S007,P037,28,201.80801758190336,HOLD
S007,P038,157,140.67388595831014,HOLD
S007,P039,77,55.70289072132847,HOLD
S007,P040,260,228.5669032271496,HOLD
S007,P041,153,103.610698172922,HOLD
S007,P042,197,178.61438608077071,HOLD
S007,P043,31,202.41128481728535,HOLD
S007,P044,80,177.8998168674246,HOLD
S007,P045,0,198.65026639889172,HOLD
S007,P046,121,115.4683134484366,HOLD
S007,P047,49,115.68863931645524,HOLD
S007,P048,124,109.22522032216216,HOLD
S007,P049,204,267.10949654658526,HOLD
S007,P050,28,137.4219669789005,HOLD
S007,P051,212,219.89077253160767,HOLD
S007,P052,198,190.7248101373628,HOLD
S007,P053,100,145.35187319108474,HOLD
S007,P054,98,176.95908199853545,HOLD
S007,P055,105,194.6576266751918,HOLD
S007,P056,7,75.32755611702451,HOLD
S007,P057,64,143.71145795570084,HOLD
S007,P058,7,47.42878525906689,HOLD
S007,P059,40,55.82000242849154,HOLD
S007,P060,82,64.76413386390882,HOLD
S008,P001,152,189.61854569175887,HOLD
S008,P002,19,54.91918703947262,HOLD
S008,P003,105,103.05003633455394,HOLD
S008,P004,28,13.629251494743016,HOLD
S008,P005,0,67.1353429661043,HOLD
S008,P006,174,95.2279069813309,HOLD
S008,P007,46,37.85840198730709,HOLD
S008,P008,122,89.04768142761168,HOLD
S008,P009,19,74.4844562871518,HOLD
S008,P010,52,51.76013057834136,HOLD
S008,P011,44,283.29395575384416,HOLD
S008,P012,49,44.45307779392986,HOLD
S008,P013,48,59.02230243484712,HOLD
S008,P014,93,100.8008049860722,HOLD
S008,P015,59,50.18263042395195,HOLD
S008,P016,72,139.81231548639843,HOLD
S008,P017,7,62.30311671683404,HOLD
S008,P018,112,106.56454219951436,HOLD
S008,P019,30,36.78987001328663,HOLD
S008,P020,0,105.03620754516702,HOLD
S008,P021,79,178.016602950304,HOLD
S008,P022,0,199.25770109584556,HOLD
S008,P023,87,245.3266881280696,HOLD
S008,P024,202,237.2756959690228,HOLD
S008,P025,5,26.0829212631948,HOLD
S008,P026,2,221.7715549610013,HOLD
S008,P027,173,117.71823885823596,HOLD
S008,P028,0,66.20630562849956,HOLD
S008,P029,11,29.040093249160204,HOLD
S008,P030,0,259.0733997204387,HOLD
S008,P031,0,82.50138732989885,HOLD
S008,P032,15,29.25848171614413,HOLD
S008,P033,0,58.64233907209799,HOLD
S008,P034,46,117.46426643490888,HOLD
S008,P035,81,92.17836549639588,HOLD
S008,P036,60,135.45624913058472,HOLD
S008,P037,0,214.247329597849,HOLD
S008,P038,43,148.8870302680823,HOLD
S008,P039,92,60.30142602162528,HOLD
S008,P040,108,247.28730193213792,HOLD
S008,P041,0,110.65595373204904,HOLD
S008,P042,71,193.8531222025167,HOLD
S008,P043,257,214.3069871305958,HOLD
S008,P044,111,190.673185920514,HOLD
S008,P045,109,209.66143016013743,HOLD
S008,P046,79,123.97312532436165,HOLD
S008,P047,0,126.09571644832428,HOLD
S008,P048,27,116.63378712921042,HOLD
S008,P049,0,282.0014822167644,ORDER 386 UNITS
S008,P050,82,151.41620246517604,HOLD
S008,P051,0,236.2196505350934,HOLD
S008,P052,192,200.03433128905615,HOLD
S008,P053,6,154.55334064475633,HOLD
S008,P054,0,190.81042108395548,HOLD
S008,P055,0,206.56237220511463,HOLD
S008,P056,3,79.86375407073336,HOLD
S008,P057,189,151.49188631919228,HOLD
S008,P058,28,46.80620655176405,HOLD
S008,P059,3,60.39740374738284,HOLD
S008,P060,41,68.57219838286356,HOLD
S009,P001,197,141.8080929011271,HOLD
S009,P002,4,41.26126664992934,HOLD
S009,P003,112,77.95295525960327,HOLD
S009,P004,16,10.650873970119584,HOLD
S009,P005,53,51.292499906089176,HOLD
S009,P006,125,72.005444660931,HOLD
S009,P007,43,28.915088709370973,HOLD
S009,P008,115,66.40280053134953,HOLD
S009,P009,9,53.76365929229814,HOLD
S009,P010,71,38.97171003674613,HOLD
S009,P011,0,214.5543730074791,HOLD
S009,P012,39,34.12241707134702,HOLD
S009,P013,37,45.449684424846616,HOLD
S009,P014,82,75.28603134699337,HOLD
S009,P015,42,37.92614055602826,HOLD
S009,P016,109,110.16971658483936,HOLD
S009,P017,71,46.42112590447671,HOLD
S009,P018,0,78.21718300462432,HOLD
S009,P019,18,30.492065366871355,HOLD
S009,P020,55,80.96950146630135,HOLD
S009,P021,0,133.7450186931771,HOLD
S009,P022,0,150.1955382289673,HOLD
S009,P023,189,182.58964760586736,HOLD
S009,P024,39,176.87067526900285,HOLD
S009,P025,33,20.38961586119735,HOLD
S009,P026,126,165.94687370897128,HOLD
S009,P027,128,90.27551710726482,HOLD
S009,P028,45,48.567853798968365,HOLD
S009,P029,11,24.31907156438767,HOLD
S009,P030,42,191.31633479520693,HOLD
S009,P031,43,61.65795947829203,HOLD
S009,P032,21,22.55407978578511,HOLD
S009,P033,55,45.22018247611507,HOLD
S009,P034,7,89.41767813227848,HOLD
S009,P035,59,71.63542192052807,HOLD
S009,P036,137,101.0978267832534,HOLD
S009,P037,221,159.59115202127458,HOLD
S009,P038,124,111.14384667808224,HOLD
S009,P039,3,45.68861683939256,HOLD
S009,P040,101,178.3410015716311,HOLD
S009,P041,123,83.70724670619515,HOLD
S009,P042,67,142.49381133268207,HOLD
S009,P043,0,160.40163644818966,HOLD
S009,P044,156,141.9898094841604,HOLD
S009,P045,176,161.15141460545772,HOLD
S009,P046,57,92.27983840744808,HOLD
S009,P047,0,95.8822048231824,HOLD
S009,P048,101,87.54851271621197,HOLD
S009,P049,261,209.9813294703572,HOLD
S009,P050,102,111.80516717642296,HOLD
S009,P051,28,180.78999737953396,HOLD
S009,P052,0,150.14897029107306,HOLD
S009,P053,133,116.34247717206073,HOLD
S009,P054,52,142.88371431085528,HOLD
S009,P055,29,156.3556716262205,HOLD
S009,P056,167,60.82792593154659,REDUCE FUTURE ORDERS (overstock)
S009,P057,129,111.55496489884858,HOLD
S009,P058,0,35.72416785350323,HOLD
S009,P059,7,43.368329991293926,HOLD
S009,P060,20,52.43104640224418,HOLD
S010,P001,29,157.7661108593095,HOLD
S010,P002,8,45.89173444908183,HOLD
S010,P003,229,86.67455491081077,REDUCE FUTURE ORDERS (overstock)
S010,P004,23,11.528497805960134,HOLD
S010,P005,0,54.75402692737288,HOLD
S010,P006,87,77.82940219789083,HOLD
S010,P007,103,32.3628655366897,REDUCE FUTURE ORDERS (overstock)
S010,P008,123,72.44480778939861,HOLD
S010,P009,16,59.92653571551177,HOLD
S010,P010,122,43.369154545996416,REDUCE FUTURE ORDERS (overstock)
S010,P011,0,234.8830693975512,HOLD
S010,P012,64,37.44746045745973,HOLD
S010,P013,105,50.15643737436596,HOLD
S010,P014,69,86.25993571887327,HOLD
S010,P015,92,41.80797662940782,HOLD
S010,P016,114,119.01151312195272,HOLD
S010,P017,112,51.83979244486322,HOLD
S010,P018,91,86.78761946440213,HOLD
S010,P019,25,32.78061179282694,HOLD
S010,P020,0,88.03010287821638,HOLD
S010,P021,214,147.09685155040034,HOLD
S010,P022,0,170.61646248491888,HOLD
S010,P023,177,204.5425498199366,HOLD
S010,P024,0,198.15428042684223,HOLD
S010,P025,34,22.79053178525972,HOLD
S010,P026,0,187.5696180413699,HOLD
S010,P027,195,99.24056029624867,HOLD
S010,P028,0,53.79224854189744,HOLD
S010,P029,0,25.759259068034467,HOLD
S010,P030,0,215.93290028638089,HOLD
S010,P031,31,70.06595495156236,HOLD
S010,P032,59,24.539387778662345,HOLD
S010,P033,0,50.49200086960299,HOLD
S010,P034,102,98.71307594926594,HOLD
S010,P035,71,78.57185511693164,HOLD
S010,P036,191,112.8547922111507,HOLD
S010,P037,0,180.5624499686621,HOLD
S010,P038,0,125.06437604480232,HOLD
S010,P039,86,50.27032062579243,HOLD
S010,P040,59,203.2935302434083,HOLD
S010,P041,133,94.72917114086982,HOLD
S010,P042,141,159.8481538280177,HOLD
S010,P043,0,178.34756738933694,HOLD
S010,P044,22,157.76957105423088,HOLD
S010,P045,254,176.93066935886696,HOLD
S010,P046,59,103.93586902338684,HOLD
S010,P047,122,101.6815163767866,HOLD
S010,P048,52,97.64097698754853,HOLD
S010,P049,65,235.1973675288036,HOLD
S010,P050,0,122.48833036423244,HOLD
S010,P051,0,198.8277643736052,HOLD
S010,P052,0,169.36839083285685,HOLD
S010,P053,29,128.8279794928663,HOLD
S010,P054,0,156.98076384700798,HOLD
S010,P055,201,171.8997043730285,HOLD
S010,P056,152,67.69177987808041,HOLD
S010,P057,24,126.26832659797854,HOLD
S010,P058,17,40.67512431242268,HOLD
S010,P059,40,51.49124270827775,HOLD
S010,P060,150,58.256049082797375,REDUCE FUTURE ORDERS (overstock)
S011,P001,22,151.55800430334855,HOLD
S011,P002,0,45.34811950458472,HOLD
S011,P003,69,80.41471365183148,HOLD
S011,P004,11,11.607836656016264,HOLD
S011,P005,9,52.21085204079066,HOLD
S011,P006,128,72.63781408184671,HOLD
S011,P007,50,30.41195606286465,HOLD
S011,P008,0,68.9728149662949,HOLD
S011,P009,71,58.59661216648675,HOLD
S011,P010,23,41.59721732459334,HOLD
S011,P011,224,221.5268465928536,HOLD
S011,P012,60,34.84915703595624,HOLD
S011,P013,162,46.936891470801065,REDUCE FUTURE ORDERS (overstock)
S011,P014,85,81.37200542861605,HOLD
S011,P015,79,40.26276083094116,HOLD
S011,P016,119,112.236663850062,HOLD
S011,P017,46,49.68875583452777,HOLD
S011,P018,32,79.84613222125849,HOLD
S011,P019,0,31.42728365816428,HOLD
S011,P020,107,83.95571754167652,HOLD
S011,P021,260,138.2680939147131,HOLD
S011,P022,231,160.96616841594022,HOLD
S011,P023,0,191.5321345453245,HOLD
S011,P024,156,184.5538926260611,HOLD
S011,P025,58,21.433971954147843,REDUCE FUTURE ORDERS (overstock)
S011,P026,0,175.42882171002992,HOLD
S011,P027,71,92.24953660958272,HOLD
S011,P028,41,51.03003022886382,HOLD
S011,P029,23,24.0892554118332,HOLD
S011,P030,111,203.72637556492572,HOLD
S011,P031,4,65.28512570044504,HOLD
S011,P032,58,23.49892155161271,HOLD
S011,P033,0,46.76078287950182,HOLD
S011,P034,15,94.00802973772646,HOLD
S011,P035,92,74.8582513027478,HOLD
S011,P036,227,105.31476583073436,HOLD
S011,P037,235,168.77394779031633,HOLD
S011,P038,168,115.50724974264118,HOLD
S011,P039,53,47.90434144225374,HOLD
S011,P040,0,189.06851658072225,HOLD
S011,P041,93,86.54612508612472,HOLD
S011,P042,204,147.00529366561085,HOLD
S011,P043,234,165.46370450559982,HOLD
S011,P044,0,147.18189628625078,HOLD
S011,P045,164,166.01450644591094,HOLD
S011,P046,129,95.98338844226356,HOLD
S011,P047,0,97.79003263959514,HOLD
S011,P048,171,92.00033530784752,HOLD
S011,P049,245,221.273879212702,HOLD
S011,P050,0,115.17736622256947,HOLD
S011,P051,14,184.2068402898104,HOLD
S011,P052,0,156.8550481392937,HOLD
S011,P053,0,121.33163848990309,HOLD
S011,P054,29,150.2972951861615,HOLD
S011,P055,115,164.43012582665446,HOLD
S011,P056,162,63.27656924028942,REDUCE FUTURE ORDERS (overstock)
S011,P057,71,117.50648345564714,HOLD
S011,P058,6,38.21207831134517,HOLD
S011,P059,23,47.45621241075233,HOLD
S011,P060,137,54.2201479771993,REDUCE FUTURE ORDERS (overstock)
S012,P001,77,219.2040667068029,HOLD
S012,P002,22,64.57258431764711,HOLD
S012,P003,27,121.14056050267506,HOLD
S012,P004,6,15.557481190309042,HOLD
S012,P005,24,75.79451477186264,HOLD
S012,P006,182,110.44254284468424,HOLD
S012,P007,1,43.75676929495737,HOLD
S012,P008,0,103.70767260539382,HOLD
S012,P009,58,82.70934186200111,HOLD
S012,P010,29,59.79432663414284,HOLD
S012,P011,247,337.0080572529554,HOLD
S012,P012,52,51.4833336022595,HOLD
S012,P013,149,69.47698636271718,HOLD
S012,P014,57,121.31351901912768,HOLD
S012,P015,29,58.294861724686704,HOLD
S012,P016,0,166.83900538113204,HOLD
S012,P017,0,71.37282344857027,HOLD
S012,P018,0,123.0815329707757,HOLD
S012,P019,26,43.23364425889218,HOLD
S012,P020,0,125.42105324646175,HOLD
S012,P021,93,206.03782642631785,HOLD
S012,P022,149,237.4561459156412,HOLD
S012,P023,0,295.6998286396964,HOLD
S012,P024,209,282.3976048862942,HOLD
S012,P025,9,30.094178594603655,HOLD
S012,P026,0,260.6787746989821,HOLD
S012,P027,113,141.60799049589005,HOLD
S012,P028,2,81.73884009689075,HOLD
S012,P029,21,32.39116267005054,HOLD
S012,P030,183,302.59881418207044,HOLD
S012,P031,52,97.081764541345,HOLD
S012,P032,62,33.50616253948678,HOLD
S012,P033,0,67.77631783333662,HOLD
S012,P034,0,139.670721166711,HOLD
S012,P035,68,112.3731298201856,HOLD
S012,P036,151,158.1994204033919,HOLD
S012,P037,184,258.3520411753343,HOLD
S012,P038,0,175.74442549485113,HOLD
S012,P039,27,70.58623333987072,HOLD
S012,P040,197,284.6215781871428,HOLD
S012,P041,40,128.76224493134032,HOLD
S012,P042,16,222.3741103628881,HOLD
S012,P043,239,254.0079268961168,HOLD
S012,P044,0,225.81985635335576,HOLD
S012,P045,146,249.8193929523388,HOLD
S012,P046,122,144.879622531714,HOLD
S012,P047,0,148.29530598774227,HOLD
S012,P048,44,137.7955005529179,HOLD
S012,P049,0,333.3808525006802,HOLD
S012,P050,107,174.95726503509547,HOLD
S012,P051,191,276.46506922255924,HOLD
S012,P052,93,236.4651029810053,HOLD
S012,P053,9,180.854599086461,HOLD
S012,P054,167,216.41949928227444,HOLD
S012,P055,213,246.8583876390072,HOLD
S012,P056,181,95.47843373234004,HOLD
S012,P057,239,179.18370165902098,HOLD
S012,P058,1,55.05605374657471,HOLD
S012,P059,54,69.01281888758405,HOLD
S012,P060,81,81.21921711813518,HOLD
