"product_id","total_revenue","total_profit","margin_pct"
"P043","6273811031.24","954671456.84","0.1522"
"P024","5469475493.57","894976341.07","0.1636"
"P051","2837020952.12","533167527.17","0.1879"
"P005","1359863376.46","288983302.98","0.2125"
"P045","3456148826.06","786577772.19","0.2276"
"P059","1570408916.16","391717983.09","0.2494"
"P031","1219500829.60","308147251.68","0.2527"
"P042","1158082979.81","298687234.13","0.2579"
"P016","2480096724.07","664338070.21","0.2679"
"P029","858055816.62","237539661.62","0.2768"
"P052","1811350979.00","511587549.98","0.2824"
"P037","6792148686.47","1960921308.39","0.2887"
