"product_id","avg_inventory","units_sold","inventory_to_sales_ratio"
"P002","25.1","34796","0.001"
"P003","145.2","197980","0.001"
"P004","17.2","19620","0.001"
"P005","24.4","34279","0.001"
"P006","91.3","131387","0.001"
"P007","50.7","68791","0.001"
"P008","64.1","92520","0.001"
"P009","26.7","37762","0.001"
"P010","70.7","97112","0.001"
"P011","111.7","158899","0.001"
"P012","41.7","57513","0.001"
"P013","82.4","110796","0.001"
"P014","46.9","67570","0.001"
"P015","68.2","93384","0.001"
"P001","87.4","123627","0.001"
