"promotion_id","product_id","marketing_cost","promo_period_profit","roi"
"PR0169","P037","9390.25","21475975.53","2286.050"
"PR0211","P043","4120.40","6546376.00","1587.772"
"PR0026","P005","2351.09","1628283.84","691.566"
"PR0221","P045","6542.71","4326662.40","660.295"
"PR0206","P043","4652.98","2883055.32","618.615"
"PR0076","P016","2227.59","974236.82","436.350"
"PR0204","P042","6759.53","2734754.62","403.578"
"PR0250","P051","5029.62","1875214.62","371.834"
"PR0086","P018","2192.37","770032.00","350.233"
"PR0280","P059","8295.45","2894138.60","347.883"
"PR0228","P048","2262.71","626866.24","276.042"
"PR0246","P051","16484.71","4325146.99","261.373"
"PR0110","P024","11700.23","2173047.87","184.727"
"PR0251","P052","15730.27","2717239.74","171.740"
"PR0078","P016","46102.10","7371334.73","158.892"
