"product_id","recent_demand","prior_demand","recent_avg_stock"
"P027","139909","80843","166.0650584795321637"
"P057","136362","80658","151.1498538011695906"
"P003","125581","72399","145.0100511695906433"
"P021","114735","67055","127.3395467836257310"
"P036","110194","72930","134.9672880116959064"
"P053","101125","58400","112.5186403508771930"
"P011","100993","57906","110.9391447368421053"
"P040","100311","62442","113.3941885964912281"
"P049","98544","57143","108.9798976608187135"
"P056","96415","59179","112.8494152046783626"
"P037","90978","52166","98.3495979532163743"
"P043","90448","51620","98.9128289473684211"
"P030","90144","54209","100.4636330409356725"
"P045","88434","54583","100.1984649122807018"
"P023","88318","51565","97.6927997076023392"
