product_id,product_name,category,subcategory,brand,cost_price,selling_price,launch_date,primary_supplier_id
P001,Kids Item 1,Apparel,Kids,Brand 1,600.02,774.04,2022-08-28,SUP05
P002,Laptop Item 2,Electronics,Laptop,Brand 12,14849.87,19169.2,2023-07-15,SUP02
P003,Staples Item 3,Grocery,Staples,Brand 10,1322.71,1851.53,2023-10-06,SUP06
P004,Makeup Item 4,Beauty,Makeup,Brand 5,2053.84,2448.02,2021-12-13,SUP06
P005,Laptop Item 5,Electronics,Laptop,Brand 8,31240.12,40227.11,2022-08-08,SUP01
P006,Women Item 6,Apparel,Women,Brand 9,1704.4,2351.22,2022-08-11,SUP08
P007,Beverages Item 7,Grocery,Beverages,Brand 14,659.46,839.2,2021-11-24,SUP06
P008,Kitchen Item 8,Home,Kitchen,Brand 11,1992.51,2624.35,2021-07-19,SUP04
P009,Women Item 9,Apparel,Women,Brand 10,288.34,394.08,2022-11-12,SUP03
P010,Staples Item 10,Grocery,Staples,Brand 5,1349.55,1706.24,2022-04-26,SUP06
P011,Women Item 11,Apparel,Women,Brand 7,2727.57,3709.26,2023-05-07,SUP03
P012,Women Item 12,Apparel,Women,Brand 13,831.28,980.01,2023-09-09,SUP08
P013,Beverages Item 13,Grocery,Beverages,Brand 7,2572.71,3544.05,2022-03-25,SUP06
P014,Laptop Item 14,Electronics,Laptop,Brand 1,3423.55,4364.14,2023-07-24,SUP02
P015,Snacks Item 15,Grocery,Snacks,Brand 14,528.37,754.27,2022-07-28,SUP06
P016,Accessories Item 16,Electronics,Accessories,Brand 2,19318.02,26751.99,2023-04-28,SUP02
P017,Beverages Item 17,Grocery,Beverages,Brand 8,815.59,1019.06,2022-09-20,SUP06
P018,Accessories Item 18,Electronics,Accessories,Brand 2,5652.95,7440.47,2022-05-12,SUP01
P019,Kids Item 19,Apparel,Kids,Brand 14,341.07,485.96,2023-06-08,SUP03
P020,Makeup Item 20,Beauty,Makeup,Brand 3,2428.59,3023.94,2021-08-27,SUP03
P021,Decor Item 21,Home,Decor,Brand 7,510.53,593.99,2021-08-12,SUP04
P022,Kitchen Item 22,Home,Kitchen,Brand 1,1566.2,1949.57,2022-02-06,SUP07
P023,Kids Item 23,Apparel,Kids,Brand 4,802.13,1147.88,2023-12-04,SUP03
P024,Laptop Item 24,Electronics,Laptop,Brand 4,34988.75,42298.96,2023-03-28,SUP01
P025,Snacks Item 25,Grocery,Snacks,Brand 2,61.53,75.0,2023-12-16,SUP06
P026,Kids Item 26,Apparel,Kids,Brand 1,615.33,856.07,2022-03-29,SUP03
P027,Staples Item 27,Grocery,Staples,Brand 7,1204.78,1494.27,2022-10-01,SUP06
P028,Women Item 28,Apparel,Women,Brand 12,1674.49,2244.14,2023-09-28,SUP03
P029,Laptop Item 29,Electronics,Laptop,Brand 7,37324.28,51929.58,2022-06-10,SUP02
P030,Men Item 30,Apparel,Men,Brand 11,713.27,933.84,2022-07-05,SUP03
P031,Laptop Item 31,Electronics,Laptop,Brand 13,17063.99,22960.95,2023-04-30,SUP02
P032,Staples Item 32,Grocery,Staples,Brand 7,333.73,390.45,2022-07-16,SUP06
P033,Kitchen Item 33,Home,Kitchen,Brand 4,2764.49,3316.45,2022-07-31,SUP07
P034,Mobile Item 34,Electronics,Mobile,Brand 8,2182.61,2897.07,2022-04-29,SUP02
P035,Kids Item 35,Apparel,Kids,Brand 3,2556.37,2973.17,2021-10-23,SUP03
P036,Hair Care Item 36,Beauty,Hair Care,Brand 1,1133.37,1481.46,2021-10-19,SUP08
P037,Accessories Item 37,Electronics,Accessories,Brand 4,33750.82,47953.03,2021-08-03,SUP02
P038,Kids Item 38,Apparel,Kids,Brand 8,420.97,551.82,2021-08-14,SUP03
P039,Kitchen Item 39,Home,Kitchen,Brand 3,436.51,564.57,2022-12-22,SUP04
P040,Men Item 40,Apparel,Men,Brand 5,1150.8,1560.17,2022-01-18,SUP05
P041,Furnishing Item 41,Home,Furnishing,Brand 3,2548.71,3429.99,2022-01-08,SUP04
P042,Accessories Item 42,Electronics,Accessories,Brand 13,8136.06,11052.34,2021-09-26,SUP01
P043,Laptop Item 43,Electronics,Laptop,Brand 14,37440.8,44600.32,2021-08-22,SUP02
P044,Decor Item 44,Home,Decor,Brand 9,2839.16,3480.85,2023-11-17,SUP07
P045,Mobile Item 45,Electronics,Mobile,Brand 11,18666.11,24392.68,2022-02-13,SUP02
P046,Accessories Item 46,Electronics,Accessories,Brand 2,4833.36,5728.17,2022-10-19,SUP02
P047,Kids Item 47,Apparel,Kids,Brand 9,2697.13,3718.69,2023-05-03,SUP03
P048,Kitchen Item 48,Home,Kitchen,Brand 6,2809.66,3600.22,2023-09-08,SUP04
P049,Women Item 49,Apparel,Women,Brand 1,1141.55,1650.67,2022-03-27,SUP03
P050,Furnishing Item 50,Home,Furnishing,Brand 10,383.33,508.48,2022-08-29,SUP07
P051,Accessories Item 51,Electronics,Accessories,Brand 8,17720.45,21983.6,2021-09-27,SUP01
P052,Accessories Item 52,Electronics,Accessories,Brand 2,11392.14,15961.17,2022-05-12,SUP01
P053,Decor Item 53,Home,Decor,Brand 7,106.42,130.07,2023-08-26,SUP04
P054,Skin Care Item 54,Beauty,Skin Care,Brand 3,127.76,147.13,2023-11-16,SUP03
P055,Makeup Item 55,Beauty,Makeup,Brand 14,190.55,264.92,2021-09-18,SUP05
P056,Snacks Item 56,Grocery,Snacks,Brand 8,621.31,737.79,2022-09-03,SUP06
P057,Kids Item 57,Apparel,Kids,Brand 2,595.26,732.9,2022-04-03,SUP08
P058,Laptop Item 58,Electronics,Laptop,Brand 10,1741.9,2465.21,2022-12-27,SUP02
P059,Laptop Item 59,Electronics,Laptop,Brand 13,31374.03,42070.14,2022-08-04,SUP02
P060,Beverages Item 60,Grocery,Beverages,Brand 14,2105.33,2831.18,2023-08-12,SUP06
