promotion_id,product_id,start_date,end_date,discount_pct,campaign_type,marketing_cost,channel
PR0001,P001,2024-04-01,2024-04-10,0.3,Clearance,26973.21,App Push
PR0002,P001,2025-07-26,2025-07-30,0.1,Clearance,25718.8,Social
PR0003,P001,2024-01-30,2024-02-02,0.05,Flash Sale,42415.67,Social
PR0004,P001,2024-02-09,2024-02-12,0.1,Clearance,10303.73,App Push
PR0005,P001,2025-06-07,2025-06-12,0.05,Clearance,2704.78,App Push
PR0006,P001,2025-08-15,2025-08-22,0.3,Seasonal,9373.42,App Push
PR0007,P002,2025-03-06,2025-03-13,0.05,Clearance,48004.6,App Push
PR0008,P002,2024-02-24,2024-03-04,0.15,Festival,16926.15,Social
PR0009,P002,2025-05-07,2025-05-11,0.25,Festival,32762.65,App Push
PR0010,P002,2024-08-26,2024-08-29,0.25,Flash Sale,27204.24,App Push
PR0011,P003,2025-05-24,2025-05-28,0.15,Festival,49478.38,Social
PR0012,P003,2025-02-02,2025-02-06,0.3,Festival,8796.6,Social
PR0013,P003,2024-12-26,2025-01-01,0.3,Seasonal,5842.37,Social
PR0014,P004,2024-01-30,2024-02-05,0.15,Seasonal,9232.3,App Push
PR0015,P004,2024-05-09,2024-05-13,0.3,Festival,13176.91,In-store
PR0016,P004,2024-05-17,2024-05-22,0.1,Seasonal,30149.37,Email
PR0017,P004,2024-12-19,2024-12-22,0.05,Seasonal,42492.24,In-store
PR0018,P004,2025-09-03,2025-09-10,0.2,Clearance,34169.76,Social
PR0019,P004,2025-06-30,2025-07-07,0.05,Clearance,27897.32,App Push
PR0020,P005,2024-08-30,2024-09-08,0.3,Seasonal,38894.12,App Push
PR0021,P005,2025-05-08,2025-05-16,0.15,Clearance,45658.51,App Push
PR0022,P005,2025-02-24,2025-02-27,0.3,Seasonal,25943.21,App Push
PR0023,P005,2025-08-30,2025-09-05,0.2,Flash Sale,21130.52,Social
PR0024,P005,2025-10-18,2025-10-25,0.2,Seasonal,18265.07,In-store
PR0025,P005,2024-08-14,2024-08-18,0.1,Flash Sale,46518.1,Email
PR0026,P005,2024-11-16,2024-11-21,0.1,Flash Sale,2351.09,Email
PR0027,P006,2024-07-18,2024-07-22,0.25,Clearance,49126.69,Email
PR0028,P006,2025-07-28,2025-08-04,0.3,Seasonal,38548.76,Email
PR0029,P006,2025-10-08,2025-10-14,0.25,Seasonal,39536.25,Social
PR0030,P006,2024-11-25,2024-12-04,0.05,Flash Sale,37155.85,Social
PR0031,P006,2024-11-11,2024-11-18,0.2,Festival,48551.13,Email
PR0032,P007,2025-12-05,2025-12-09,0.1,Festival,37999.21,Email
PR0033,P007,2025-04-01,2025-04-06,0.05,Flash Sale,3965.45,Email
PR0034,P007,2025-07-10,2025-07-19,0.15,Festival,24318.73,Social
PR0035,P008,2025-12-01,2025-12-05,0.15,Flash Sale,6071.33,Social
PR0036,P008,2024-06-07,2024-06-13,0.2,Festival,46385.68,App Push
PR0037,P008,2025-08-11,2025-08-15,0.05,Flash Sale,4337.53,App Push
PR0038,P008,2024-09-21,2024-09-24,0.3,Clearance,36236.39,Email
PR0039,P009,2024-01-06,2024-01-15,0.25,Clearance,40441.84,App Push
PR0040,P009,2024-02-05,2024-02-14,0.1,Flash Sale,43190.01,Email
PR0041,P009,2024-11-13,2024-11-16,0.3,Clearance,34509.8,Email
PR0042,P009,2024-01-22,2024-01-30,0.15,Clearance,34237.41,Social
PR0043,P009,2024-07-01,2024-07-05,0.15,Festival,18705.51,Social
PR0044,P009,2025-09-02,2025-09-11,0.1,Clearance,21053.12,Email
PR0045,P010,2024-07-15,2024-07-21,0.3,Festival,6070.96,In-store
PR0046,P010,2025-04-28,2025-05-03,0.15,Clearance,40756.72,Email
PR0047,P010,2025-12-16,2025-12-23,0.1,Festival,8567.42,App Push
PR0048,P011,2025-02-15,2025-02-19,0.3,Festival,30570.22,Email
PR0049,P011,2024-02-13,2024-02-18,0.15,Festival,25852.0,App Push
PR0050,P011,2024-04-06,2024-04-09,0.15,Flash Sale,11694.99,In-store
PR0051,P012,2024-01-13,2024-01-18,0.15,Festival,18478.04,Email
PR0052,P012,2024-11-17,2024-11-22,0.3,Festival,38094.23,Email
PR0053,P012,2025-01-22,2025-01-31,0.1,Seasonal,13284.66,Social
PR0054,P012,2025-02-05,2025-02-10,0.3,Festival,27418.02,Social
PR0055,P012,2025-06-15,2025-06-19,0.2,Clearance,16370.4,Email
PR0056,P013,2024-06-21,2024-06-26,0.1,Flash Sale,43967.09,In-store
PR0057,P013,2024-01-02,2024-01-06,0.05,Clearance,40014.77,Email
PR0058,P013,2025-07-15,2025-07-22,0.15,Festival,49745.68,App Push
PR0059,P013,2025-02-25,2025-03-04,0.1,Festival,45322.59,App Push
PR0060,P013,2025-07-17,2025-07-23,0.1,Flash Sale,6890.92,Email
PR0061,P013,2024-11-01,2024-11-08,0.1,Festival,26611.14,Social
PR0062,P013,2024-11-06,2024-11-09,0.05,Festival,6944.13,Social
PR0063,P014,2024-01-30,2024-02-02,0.1,Clearance,23845.66,In-store
PR0064,P014,2024-07-07,2024-07-13,0.25,Seasonal,4446.1,Social
PR0065,P014,2024-03-20,2024-03-27,0.15,Festival,35513.11,In-store
PR0066,P014,2024-11-17,2024-11-21,0.3,Seasonal,20918.04,In-store
PR0067,P015,2024-04-18,2024-04-21,0.1,Flash Sale,43412.7,In-store
PR0068,P015,2024-01-01,2024-01-04,0.2,Seasonal,17988.52,App Push
PR0069,P015,2024-10-20,2024-10-26,0.2,Festival,42377.78,Email
PR0070,P015,2024-07-05,2024-07-09,0.1,Clearance,25033.44,In-store
PR0071,P015,2025-09-10,2025-09-17,0.15,Flash Sale,17875.32,In-store
PR0072,P016,2024-12-11,2024-12-14,0.15,Seasonal,36154.79,In-store
PR0073,P016,2024-04-17,2024-04-24,0.05,Seasonal,46103.51,In-store
PR0074,P016,2024-03-05,2024-03-08,0.3,Flash Sale,3501.61,In-store
PR0075,P016,2024-03-20,2024-03-27,0.2,Seasonal,29322.18,In-store
PR0076,P016,2024-06-14,2024-06-21,0.25,Festival,2227.59,App Push
PR0077,P016,2025-09-03,2025-09-09,0.2,Seasonal,39100.99,In-store
PR0078,P016,2025-12-13,2025-12-21,0.1,Seasonal,46102.1,Email
PR0079,P017,2025-11-24,2025-12-01,0.3,Festival,19353.73,Email
PR0080,P017,2025-08-05,2025-08-09,0.1,Clearance,30835.23,Social
PR0081,P017,2024-07-31,2024-08-04,0.2,Seasonal,17246.51,Social
PR0082,P017,2024-02-25,2024-03-05,0.05,Clearance,2913.64,App Push
PR0083,P017,2025-05-17,2025-05-21,0.2,Clearance,35988.38,App Push
PR0084,P018,2025-08-14,2025-08-19,0.05,Festival,30503.87,In-store
PR0085,P018,2024-03-31,2024-04-08,0.05,Clearance,10301.31,Email
PR0086,P018,2025-07-22,2025-07-28,0.05,Festival,2192.37,Social
PR0087,P018,2024-01-12,2024-01-18,0.3,Clearance,8091.68,Email
PR0088,P018,2025-02-14,2025-02-23,0.05,Festival,27737.62,In-store
PR0089,P018,2025-03-21,2025-03-25,0.1,Clearance,30539.25,In-store
PR0090,P019,2024-07-30,2024-08-04,0.2,Festival,2871.71,Social
PR0091,P019,2024-02-07,2024-02-14,0.05,Flash Sale,43946.65,Social
PR0092,P019,2024-06-30,2024-07-07,0.2,Flash Sale,21015.99,Email
PR0093,P020,2025-04-30,2025-05-06,0.25,Festival,38404.27,Email
PR0094,P020,2025-05-28,2025-06-06,0.05,Seasonal,26699.99,Social
PR0095,P020,2024-01-09,2024-01-12,0.25,Seasonal,21582.15,Email
PR0096,P020,2025-11-03,2025-11-06,0.25,Festival,20960.35,In-store
PR0097,P020,2025-05-03,2025-05-09,0.05,Seasonal,10565.2,Social
PR0098,P020,2025-05-03,2025-05-07,0.3,Festival,45803.97,In-store
PR0099,P021,2024-09-02,2024-09-08,0.3,Clearance,44161.56,Email
PR0100,P021,2024-09-28,2024-10-03,0.2,Flash Sale,37094.53,Email
PR0101,P021,2025-01-17,2025-01-25,0.3,Clearance,7021.52,Social
PR0102,P021,2025-10-09,2025-10-16,0.3,Festival,6793.4,Social
PR0103,P022,2024-05-26,2024-06-01,0.25,Seasonal,49002.78,In-store
PR0104,P022,2025-12-08,2025-12-13,0.25,Clearance,44603.41,Email
PR0105,P022,2024-10-09,2024-10-16,0.1,Seasonal,29887.49,Email
PR0106,P023,2024-10-19,2024-10-22,0.2,Clearance,24446.73,Social
PR0107,P023,2024-02-18,2024-02-22,0.15,Seasonal,20917.14,Social
PR0108,P023,2024-04-03,2024-04-08,0.05,Seasonal,18294.93,Email
PR0109,P023,2024-01-17,2024-01-26,0.25,Flash Sale,6748.38,App Push
PR0110,P024,2025-02-22,2025-03-03,0.15,Seasonal,11700.23,Social
PR0111,P024,2024-05-13,2024-05-19,0.2,Flash Sale,14453.11,App Push
PR0112,P024,2024-04-01,2024-04-04,0.05,Seasonal,48047.95,In-store
PR0113,P024,2025-04-12,2025-04-19,0.15,Festival,14116.94,In-store
PR0114,P024,2024-04-06,2024-04-11,0.1,Festival,44082.12,Social
PR0115,P024,2025-10-07,2025-10-10,0.3,Clearance,47743.96,Social
PR0116,P025,2024-02-21,2024-02-26,0.05,Festival,28539.12,App Push
PR0117,P025,2024-10-31,2024-11-03,0.25,Festival,31604.3,App Push
PR0118,P025,2025-01-23,2025-01-29,0.05,Flash Sale,9694.98,App Push
PR0119,P025,2024-03-17,2024-03-25,0.15,Clearance,37286.21,Email
PR0120,P025,2024-07-30,2024-08-07,0.15,Festival,38480.72,App Push
PR0121,P026,2025-07-07,2025-07-10,0.1,Clearance,7791.46,Social
PR0122,P026,2024-06-15,2024-06-24,0.25,Flash Sale,14697.91,In-store
PR0123,P026,2025-08-29,2025-09-05,0.1,Clearance,23593.25,App Push
PR0124,P027,2024-06-24,2024-07-03,0.25,Flash Sale,43979.61,Social
PR0125,P027,2025-06-18,2025-06-23,0.2,Clearance,13923.51,App Push
PR0126,P027,2024-06-24,2024-06-29,0.05,Flash Sale,44623.46,Social
PR0127,P028,2025-07-10,2025-07-15,0.2,Seasonal,27427.79,App Push
PR0128,P028,2024-10-08,2024-10-14,0.25,Seasonal,8324.23,App Push
PR0129,P028,2024-03-30,2024-04-03,0.3,Flash Sale,47753.87,App Push
PR0130,P029,2024-04-27,2024-05-02,0.2,Festival,14152.86,In-store
PR0131,P029,2025-09-18,2025-09-21,0.15,Flash Sale,46008.72,In-store
PR0132,P029,2024-08-18,2024-08-27,0.2,Flash Sale,21221.66,App Push
PR0133,P030,2025-01-15,2025-01-22,0.1,Festival,41278.78,Social
PR0134,P030,2025-08-07,2025-08-15,0.15,Seasonal,9338.1,Social
PR0135,P030,2025-10-21,2025-10-28,0.15,Clearance,18435.38,In-store
PR0136,P030,2024-02-10,2024-02-18,0.2,Clearance,38040.25,Email
PR0137,P030,2025-07-22,2025-07-30,0.1,Flash Sale,23023.5,Social
PR0138,P031,2025-04-02,2025-04-10,0.05,Clearance,15483.03,Social
PR0139,P031,2025-09-20,2025-09-23,0.15,Seasonal,8193.44,App Push
PR0140,P031,2024-04-19,2024-04-27,0.2,Seasonal,46248.92,App Push
PR0141,P031,2025-04-08,2025-04-13,0.15,Clearance,24132.77,App Push
PR0142,P032,2025-04-16,2025-04-23,0.05,Seasonal,47602.93,Email
PR0143,P032,2024-09-02,2024-09-08,0.1,Flash Sale,42608.36,Email
PR0144,P032,2025-02-21,2025-02-24,0.3,Seasonal,44839.41,Email
PR0145,P032,2025-06-20,2025-06-24,0.3,Seasonal,33679.79,Email
PR0146,P032,2024-05-03,2024-05-08,0.15,Festival,19584.1,Email
PR0147,P032,2025-06-12,2025-06-17,0.15,Festival,36549.56,Email
PR0148,P033,2024-12-30,2025-01-07,0.3,Seasonal,33059.45,App Push
PR0149,P033,2024-10-15,2024-10-20,0.25,Seasonal,23122.41,App Push
PR0150,P033,2024-03-31,2024-04-08,0.05,Seasonal,33464.85,Email
PR0151,P033,2025-06-08,2025-06-15,0.1,Flash Sale,17674.25,Social
PR0152,P033,2024-05-21,2024-05-25,0.25,Festival,13840.66,Social
PR0153,P034,2025-04-23,2025-04-27,0.05,Festival,8655.42,App Push
PR0154,P034,2024-07-19,2024-07-23,0.1,Clearance,45695.69,Email
PR0155,P034,2024-05-25,2024-06-03,0.2,Clearance,47740.28,Email
PR0156,P034,2025-02-20,2025-02-27,0.25,Seasonal,32022.95,In-store
PR0157,P034,2024-08-17,2024-08-25,0.3,Clearance,34900.53,App Push
PR0158,P034,2025-01-24,2025-01-27,0.2,Seasonal,44005.17,Social
PR0159,P034,2025-03-12,2025-03-17,0.15,Flash Sale,42991.25,Social
PR0160,P035,2024-08-18,2024-08-26,0.2,Clearance,32345.72,App Push
PR0161,P035,2025-08-05,2025-08-10,0.25,Flash Sale,45808.25,Social
PR0162,P035,2025-10-23,2025-10-28,0.3,Festival,37759.59,Social
PR0163,P035,2025-12-14,2025-12-22,0.1,Festival,25069.17,Email
PR0164,P036,2025-05-16,2025-05-20,0.2,Clearance,15887.37,App Push
PR0165,P036,2024-07-03,2024-07-09,0.2,Seasonal,12505.12,App Push
PR0166,P036,2025-04-15,2025-04-23,0.1,Festival,10049.58,App Push
PR0167,P036,2024-01-06,2024-01-09,0.15,Seasonal,42280.35,Social
PR0168,P036,2024-06-16,2024-06-19,0.25,Festival,7553.8,In-store
PR0169,P037,2024-11-18,2024-11-27,0.1,Flash Sale,9390.25,In-store
PR0170,P037,2024-10-29,2024-11-03,0.2,Festival,49079.41,Social
PR0171,P037,2025-03-28,2025-03-31,0.3,Flash Sale,39955.42,In-store
PR0172,P037,2024-07-12,2024-07-18,0.3,Flash Sale,7368.55,Email
PR0173,P038,2025-08-19,2025-08-26,0.1,Flash Sale,28504.88,App Push
PR0174,P038,2024-06-23,2024-06-29,0.1,Clearance,33328.96,In-store
PR0175,P038,2025-12-11,2025-12-14,0.3,Flash Sale,6569.56,Email
PR0176,P038,2025-05-04,2025-05-12,0.05,Festival,17279.67,App Push
PR0177,P038,2024-11-26,2024-11-30,0.15,Flash Sale,34268.69,In-store
PR0178,P038,2025-06-30,2025-07-05,0.1,Festival,41941.76,Social
PR0179,P039,2025-11-01,2025-11-06,0.15,Seasonal,37943.4,Email
PR0180,P039,2025-07-27,2025-07-31,0.15,Flash Sale,8907.62,Social
PR0181,P039,2025-02-12,2025-02-21,0.3,Flash Sale,9369.23,App Push
PR0182,P039,2025-01-17,2025-01-21,0.05,Clearance,2024.9,In-store
PR0183,P039,2024-03-03,2024-03-09,0.3,Festival,3672.24,App Push
PR0184,P039,2025-04-12,2025-04-20,0.25,Seasonal,9049.46,In-store
PR0185,P039,2024-02-16,2024-02-25,0.1,Festival,27869.2,App Push
PR0186,P040,2024-02-01,2024-02-04,0.15,Seasonal,37414.28,Email
PR0187,P040,2024-07-03,2024-07-08,0.25,Flash Sale,38012.77,Email
PR0188,P040,2025-05-26,2025-06-01,0.1,Seasonal,12521.08,Email
PR0189,P040,2024-05-29,2024-06-05,0.25,Festival,6127.15,In-store
PR0190,P040,2024-08-29,2024-09-02,0.05,Flash Sale,41509.17,In-store
PR0191,P040,2024-10-12,2024-10-19,0.3,Festival,33369.91,In-store
PR0192,P040,2024-05-08,2024-05-14,0.3,Seasonal,44004.04,Social
PR0193,P041,2025-11-15,2025-11-24,0.15,Flash Sale,12598.3,App Push
PR0194,P041,2025-04-14,2025-04-23,0.1,Seasonal,29188.19,Email
PR0195,P041,2025-06-18,2025-06-24,0.15,Festival,36105.57,App Push
PR0196,P041,2024-01-20,2024-01-26,0.05,Festival,25337.22,Email
PR0197,P041,2025-03-19,2025-03-23,0.1,Seasonal,38379.7,In-store
PR0198,P041,2025-08-14,2025-08-19,0.2,Flash Sale,14993.44,App Push
PR0199,P041,2024-04-04,2024-04-10,0.05,Seasonal,29076.57,Email
PR0200,P042,2025-08-27,2025-08-30,0.15,Flash Sale,12189.3,Email
PR0201,P042,2025-10-02,2025-10-10,0.2,Festival,44732.67,In-store
PR0202,P042,2024-03-09,2024-03-15,0.25,Seasonal,46906.01,App Push
PR0203,P042,2024-02-12,2024-02-17,0.1,Seasonal,11383.35,Email
PR0204,P042,2024-08-03,2024-08-10,0.05,Flash Sale,6759.53,App Push
PR0205,P042,2024-05-28,2024-05-31,0.15,Clearance,8465.22,In-store
PR0206,P043,2025-09-07,2025-09-11,0.1,Seasonal,4652.98,App Push
PR0207,P043,2025-01-11,2025-01-16,0.15,Seasonal,31303.28,App Push
PR0208,P043,2024-05-27,2024-06-04,0.3,Flash Sale,6791.89,Social
PR0209,P043,2025-06-23,2025-06-26,0.05,Flash Sale,31739.32,App Push
PR0210,P043,2024-03-28,2024-04-01,0.3,Festival,41350.83,Social
PR0211,P043,2025-05-10,2025-05-16,0.05,Festival,4120.4,In-store
PR0212,P044,2024-02-14,2024-02-19,0.15,Festival,29689.33,Social
PR0213,P044,2025-07-31,2025-08-09,0.1,Festival,25934.7,Social
PR0214,P044,2025-01-15,2025-01-21,0.1,Festival,20275.15,Social
PR0215,P044,2024-10-11,2024-10-19,0.2,Seasonal,17412.11,In-store
PR0216,P044,2024-06-04,2024-06-08,0.3,Flash Sale,43574.94,In-store
PR0217,P045,2025-02-17,2025-02-22,0.25,Seasonal,22712.91,Social
PR0218,P045,2025-03-29,2025-04-03,0.3,Festival,20791.62,Social
PR0219,P045,2025-07-07,2025-07-12,0.1,Seasonal,29260.84,App Push
PR0220,P045,2024-11-26,2024-12-01,0.2,Seasonal,17394.35,Email
PR0221,P045,2025-11-25,2025-11-30,0.05,Seasonal,6542.71,App Push
PR0222,P046,2024-12-24,2025-01-01,0.3,Seasonal,12297.87,Social
PR0223,P046,2025-02-06,2025-02-14,0.25,Clearance,41685.91,App Push
PR0224,P046,2025-11-25,2025-12-04,0.1,Clearance,34109.49,Social
PR0225,P047,2025-04-15,2025-04-24,0.3,Seasonal,46347.22,Social
PR0226,P047,2025-02-18,2025-02-27,0.05,Clearance,34660.1,In-store
PR0227,P047,2025-10-16,2025-10-22,0.05,Flash Sale,37686.08,In-store
PR0228,P048,2024-06-20,2024-06-26,0.1,Seasonal,2262.71,Email
PR0229,P048,2025-07-17,2025-07-26,0.1,Festival,19906.91,Social
PR0230,P048,2025-09-01,2025-09-07,0.05,Seasonal,9708.24,App Push
PR0231,P048,2025-07-08,2025-07-12,0.15,Flash Sale,48339.97,Email
PR0232,P048,2024-02-24,2024-03-04,0.25,Festival,11005.25,Social
PR0233,P048,2025-03-01,2025-03-10,0.3,Clearance,6853.1,App Push
PR0234,P048,2024-10-06,2024-10-14,0.2,Seasonal,29090.85,Email
PR0235,P049,2025-06-06,2025-06-13,0.3,Seasonal,19759.25,In-store
PR0236,P049,2024-10-26,2024-10-29,0.05,Festival,42210.41,Social
PR0237,P049,2024-02-19,2024-02-23,0.25,Seasonal,43968.04,In-store
PR0238,P049,2024-01-18,2024-01-27,0.2,Clearance,35126.08,App Push
PR0239,P049,2025-02-19,2025-02-23,0.2,Clearance,20083.23,Social
PR0240,P049,2025-03-18,2025-03-21,0.05,Clearance,27068.04,App Push
PR0241,P049,2025-10-28,2025-11-01,0.15,Flash Sale,11046.77,App Push
PR0242,P050,2024-05-12,2024-05-15,0.2,Festival,21439.71,In-store
PR0243,P050,2025-08-02,2025-08-07,0.3,Flash Sale,33280.13,In-store
PR0244,P050,2025-12-10,2025-12-19,0.3,Clearance,22593.25,In-store
PR0245,P050,2024-11-04,2024-11-09,0.05,Flash Sale,49690.06,Email
PR0246,P051,2025-11-17,2025-11-24,0.05,Flash Sale,16484.71,Email
PR0247,P051,2025-01-08,2025-01-17,0.15,Flash Sale,46921.96,Social
PR0248,P051,2025-08-22,2025-08-31,0.05,Seasonal,42065.97,In-store
PR0249,P051,2025-11-01,2025-11-05,0.25,Clearance,45955.75,Social
PR0250,P051,2025-02-10,2025-02-17,0.15,Festival,5029.62,App Push
PR0251,P052,2025-11-24,2025-11-29,0.1,Festival,15730.27,In-store
PR0252,P052,2024-05-21,2024-05-30,0.1,Flash Sale,43630.55,In-store
PR0253,P052,2025-05-21,2025-05-27,0.25,Flash Sale,42423.42,Social
PR0254,P053,2025-11-06,2025-11-13,0.05,Festival,28192.43,Social
PR0255,P053,2024-10-04,2024-10-10,0.3,Festival,48646.58,App Push
PR0256,P053,2025-05-19,2025-05-27,0.15,Seasonal,20544.39,App Push
PR0257,P053,2024-07-19,2024-07-24,0.1,Seasonal,6308.16,Email
PR0258,P054,2025-02-10,2025-02-18,0.25,Seasonal,46672.86,Social
PR0259,P054,2025-03-14,2025-03-17,0.05,Seasonal,11879.35,In-store
PR0260,P054,2024-07-21,2024-07-30,0.25,Flash Sale,26756.27,Email
PR0261,P055,2025-09-15,2025-09-24,0.05,Flash Sale,4357.65,App Push
PR0262,P055,2024-04-19,2024-04-28,0.05,Flash Sale,29291.35,In-store
PR0263,P055,2024-09-17,2024-09-26,0.1,Clearance,32047.5,Social
PR0264,P055,2024-05-24,2024-05-30,0.25,Festival,43478.57,Email
PR0265,P055,2025-03-23,2025-04-01,0.05,Seasonal,6347.79,App Push
PR0266,P055,2024-06-10,2024-06-15,0.15,Clearance,20158.87,Social
PR0267,P055,2024-08-21,2024-08-29,0.05,Clearance,10774.82,Email
PR0268,P056,2024-05-12,2024-05-19,0.1,Clearance,22868.47,Social
PR0269,P056,2024-06-12,2024-06-20,0.25,Festival,46960.15,In-store
PR0270,P056,2025-06-30,2025-07-04,0.25,Flash Sale,25887.09,Email
PR0271,P056,2025-01-06,2025-01-09,0.2,Festival,49751.11,App Push
PR0272,P057,2024-12-14,2024-12-20,0.15,Festival,5207.64,App Push
PR0273,P057,2025-06-09,2025-06-16,0.1,Flash Sale,32605.23,Email
PR0274,P057,2024-02-06,2024-02-13,0.3,Flash Sale,45044.26,App Push
PR0275,P058,2024-12-06,2024-12-14,0.05,Festival,33112.82,Social
PR0276,P058,2025-06-19,2025-06-27,0.3,Seasonal,32620.96,In-store
PR0277,P058,2025-09-05,2025-09-13,0.2,Seasonal,33801.42,App Push
PR0278,P058,2025-07-11,2025-07-18,0.3,Festival,19803.79,Email
PR0279,P059,2025-03-26,2025-04-03,0.15,Clearance,37355.51,App Push
PR0280,P059,2024-11-25,2024-12-01,0.1,Clearance,8295.45,Email
PR0281,P059,2024-10-03,2024-10-07,0.15,Clearance,37868.95,In-store
PR0282,P059,2025-10-02,2025-10-10,0.1,Clearance,47890.24,In-store
PR0283,P059,2025-07-28,2025-08-01,0.1,Flash Sale,15983.81,App Push
PR0284,P060,2024-05-15,2024-05-24,0.25,Festival,35991.56,Social
PR0285,P060,2024-05-05,2024-05-13,0.15,Festival,9076.45,App Push
PR0286,P060,2024-10-05,2024-10-09,0.1,Seasonal,8109.26,Email
PR0287,P060,2025-01-28,2025-02-05,0.25,Flash Sale,25093.91,In-store
PR0288,P060,2024-06-21,2024-06-29,0.2,Clearance,41123.51,In-store
